term,category,meaning,source,primary_aspect,secondary_aspect,annotation_notes
алкаш,insult,alcoholic,Telegram,Classism / Social status insult,Substance-related stigma,"Insult based on social position, marginality, or lifestyle stigma."
безмозглий,insult,brainless,Wiktionary,Ableism / Intelligence insult,-,"Insult based on stupidity, mental state, or perceived ability."
бидло,insult,derogatory term,Wiktionary,Dehumanization / Animalization,-,"Insult that compares a person to an animal, object, or parasite."
бля,masked,shortened form,Telegram,Obfuscated offensive form,-,Masked spelling used to bypass moderation or soften visual form.
блядь,profanity,variant spelling,Wiktionary,Profanity / Vulgarity,-,General vulgar expression or obscene intensifier.
блять,profanity,vulgar interjection,Wiktionary,Profanity / Vulgarity,-,General vulgar expression or obscene intensifier.
бляха,euphemism,softened profanity,Wiktionary,Profanity / Vulgarity,-,General vulgar expression or obscene intensifier.
божевільний,insult,insane,Wiktionary,Ableism / Intelligence insult,-,"Insult based on stupidity, mental state, or perceived ability."
бомж,insult,homeless insult,Telegram,Classism / Social status insult,-,"Insult based on social position, marginality, or lifestyle stigma."
боягуз,insult,coward,Wiktionary,General insult,-,Personal insult without a clearly protected-group target.
вбийся,threat,kill yourself,Telegram,Threat / Harm,-,Self-harm expression / direct hostile command.
виродок,insult,freak,Wiktionary,General insult,-,Personal insult without a clearly protected-group target.
гавно,profanity,variant,Telegram,Scatological vulgarity,-,Offensive expression connected to excretion or dirt.
гандон,insult,condom insult,Wiktionary,Dehumanization / Animalization,-,"Insult that compares a person to an animal, object, or parasite."
гандони,insult,condoms insult,Telegram,Dehumanization / Animalization,-,"Insult that compares a person to an animal, object, or parasite."
гидота,insult,gross,Wiktionary,General insult,-,Personal insult without a clearly protected-group target.
гівно,profanity,shit,Wiktionary,Scatological vulgarity,-,Offensive expression connected to excretion or dirt.
гімно,profanity,variant,Telegram,Scatological vulgarity,-,Offensive expression connected to excretion or dirt.
гнида,insult,parasite insult,Wiktionary,Dehumanization / Animalization,-,"Insult that compares a person to an animal, object, or parasite."
гнилий,insult,rotten,Wiktionary,General insult,-,Personal insult without a clearly protected-group target.
говняний,insult,shitty,Wiktionary,Scatological vulgarity,-,Offensive expression connected to excretion or dirt.
гомік,hate,slur,Wiktionary,Homophobia,-,Targets sexual orientation.
даун,hate,slur,Telegram,Ableism / Intelligence insult,-,Ableist insult based on disability.
даунік,hate,variant,Telegram,Ableism / Intelligence insult,-,Ableist variant.
дебік,insult,slang idiot,Telegram,Ableism / Intelligence insult,-,"Insult based on stupidity, mental state, or perceived ability."
дебіл,insult,idiot,Wiktionary,Ableism / Intelligence insult,-,"Insult based on stupidity, mental state, or perceived ability."
дебілка,insult,female idiot,Telegram,Misogyny / Sexism,Ableism,Aspect assigned according to common offensive usage.
дебільний,insult,stupid,Wiktionary,Ableism / Intelligence insult,-,"Insult based on stupidity, mental state, or perceived ability."
дідько,insult,devil,Wiktionary,Religious / devil-based insult,-,Aspect assigned according to common offensive usage.
дрочер,sexual,insult,Telegram,Sexual vulgarity,-,Offensive expression connected to sexual meaning or body references.
дрочити,sexual,vulgar verb,Wiktionary,Sexual vulgarity,-,Offensive expression connected to sexual meaning or body references.
дурень,insult,fool,Wiktionary,General insult,-,Personal insult without a clearly protected-group target.
дурепа,insult,female insult,Wiktionary,Misogyny / Sexism,-,Aspect assigned according to common offensive usage.
дурка,insult,crazy place slang,Telegram,Ableism / Intelligence insult,-,"Insult based on stupidity, mental state, or perceived ability."
дурня,insult,nonsense,Wiktionary,General insult,-,Personal insult without a clearly protected-group target.
єбаний,profanity,offensive adjective,Wiktionary,Sexual vulgarity,-,Offensive expression connected to sexual meaning or body references.
єбанутий,insult,crazy,Wiktionary,Ableism / Intelligence insult,-,"Insult based on stupidity, mental state, or perceived ability."
єбашити,profanity,to hit/work hard (vulgar),Telegram,Sexual vulgarity,-,Offensive expression connected to sexual meaning or body references.
єблан,insult,idiot,Telegram,Ableism / Intelligence insult,-,"Insult based on stupidity, mental state, or perceived ability."
жалюгідний,insult,pathetic,Wiktionary,General insult,-,Personal insult without a clearly protected-group target.
закопаю,threat,threat,Telegram,Threat / Harm,-,"Expression of harm, violence, or death-related aggression."
зараза,insult,pest,Wiktionary,Dehumanization / Animalization,-,"Insult that compares a person to an animal, object, or parasite."
засранець,insult,dirty person,Wiktionary,Scatological vulgarity,-,Offensive expression connected to excretion or dirt.
засраний,insult,dirty,Telegram,Scatological vulgarity,-,Offensive expression connected to excretion or dirt.
здохни,threat,die,Telegram,Threat / Harm,Death wish,"Expression of harm, violence, or death-related aggression."
здохни тварюка,threat,strong threat,Telegram,Threat / Harm,Death wish,"Expression of harm, violence, or death-related aggression."
знищу,threat,threat,Telegram,Threat / Harm,-,"Expression of harm, violence, or death-related aggression."
іди нахуй,profanity,variant,Telegram,Profanity / Vulgarity,-,General vulgar expression or obscene intensifier.
ідіот,insult,idiot,Wiktionary,Ableism / Intelligence insult,-,"Insult based on stupidity, mental state, or perceived ability."
ідіотизм,insult,stupidity,Wiktionary,Ableism / Intelligence insult,-,"Insult based on stupidity, mental state, or perceived ability."
ідіотина,insult,strong insult,Telegram,Ableism / Intelligence insult,-,"Insult based on stupidity, mental state, or perceived ability."
ідіотський,insult,adjective,Wiktionary,Ableism / Intelligence insult,-,"Insult based on stupidity, mental state, or perceived ability."
імбецил,insult,insult,Wiktionary,Ableism / Intelligence insult,-,"Insult based on stupidity, mental state, or perceived ability."
їб твою мать,profanity,insult phrase,Telegram,Profanity / Vulgarity,-,General vulgar expression or obscene intensifier.
їбать,profanity,vulgar verb,Wiktionary,Sexual vulgarity,-,Offensive expression connected to sexual meaning or body references.
їбашити,profanity,variant,Telegram,Sexual vulgarity,-,Offensive expression connected to sexual meaning or body references.
йди в жопу,profanity,insult phrase,Telegram,Scatological vulgarity,-,Offensive expression connected to excretion or dirt.
йди нахер,euphemism,softer variant,Telegram,Profanity / Vulgarity,-,General vulgar expression or obscene intensifier.
йолоп,insult,fool,Wiktionary,Ableism / Intelligence insult,-,"Insult based on stupidity, mental state, or perceived ability."
йолопина,insult,variant,Telegram,Ableism / Intelligence insult,-,"Insult based on stupidity, mental state, or perceived ability."
йолопський,insult,adjective,Telegram,Ableism / Intelligence insult,-,"Insult based on stupidity, mental state, or perceived ability."
козел,insult,jerk,Wiktionary,Dehumanization / Animalization,-,"Insult that compares a person to an animal, object, or parasite."
козлина,insult,goat insult,Telegram,Dehumanization / Animalization,-,"Insult that compares a person to an animal, object, or parasite."
конч,masked,shortened insult,Telegram,Obfuscated offensive form,-,Masked spelling used to bypass moderation or soften visual form.
кончений,insult,hopeless,Wiktionary,General insult,-,Personal insult without a clearly protected-group target.
кретин,insult,idiot,Wiktionary,Ableism / Intelligence insult,-,"Insult based on stupidity, mental state, or perceived ability."
кретинський,insult,adjective,Wiktionary,Ableism / Intelligence insult,-,"Insult based on stupidity, mental state, or perceived ability."
курва,insult,vulgar insult,Wiktionary,Misogyny / Sexism,Sexual degradation,Gendered sexual insult in many contexts.
курва мать,profanity,phrase insult,Telegram,Profanity / Vulgarity,-,General vulgar expression or obscene intensifier.
лайно,profanity,shit,Wiktionary,Scatological vulgarity,-,Offensive expression connected to excretion or dirt.
лайняний,insult,dirty,Telegram,Scatological vulgarity,-,Offensive expression connected to excretion or dirt.
лох,insult,sucker,Wiktionary,Classism / Social status insult,-,"Insult based on social position, marginality, or lifestyle stigma."
лошара,insult,variant,Telegram,Classism / Social status insult,-,"Insult based on social position, marginality, or lifestyle stigma."
лошок,insult,variant,Telegram,Classism / Social status insult,-,"Insult based on social position, marginality, or lifestyle stigma."
мерзкий,insult,disgusting,Wiktionary,General insult,-,Personal insult without a clearly protected-group target.
мерзота,insult,disgusting person,Wiktionary,General insult,-,Personal insult without a clearly protected-group target.
мерзотник,insult,vile person,Wiktionary,General insult,-,Personal insult without a clearly protected-group target.
морда,insult,face insult,Wiktionary,General insult,-,Personal insult without a clearly protected-group target.
мудак,insult,idiot/jerk,Wiktionary,Ableism / Intelligence insult,-,"Insult based on stupidity, mental state, or perceived ability."
мудило,insult,strong insult,Wiktionary,Ableism / Intelligence insult,-,"Insult based on stupidity, mental state, or perceived ability."
нарік,insult,junkie,Telegram,Classism / Social status insult,Substance-related stigma,"Insult based on social position, marginality, or lifestyle stigma."
неадекват,insult,unstable,Telegram,Ableism / Intelligence insult,-,"Insult based on stupidity, mental state, or perceived ability."
неадекватний,insult,unstable,Wiktionary,Ableism / Intelligence insult,-,"Insult based on stupidity, mental state, or perceived ability."
недоумок,insult,half-wit,Wiktionary,Ableism / Intelligence insult,-,"Insult based on stupidity, mental state, or perceived ability."
нікчема,insult,worthless,Wiktionary,General insult,-,Personal insult without a clearly protected-group target.
обісраний,insult,humiliated,Telegram,Scatological vulgarity,-,Offensive expression connected to excretion or dirt.
обісрати,profanity,to shame,Wiktionary,Scatological vulgarity,-,Offensive expression connected to excretion or dirt.
обісцяний,insult,dirty,Telegram,Scatological vulgarity,-,Offensive expression connected to excretion or dirt.
огидний,insult,disgusting,Wiktionary,General insult,-,Personal insult without a clearly protected-group target.
падло,insult,bastard,Wiktionary,General insult,-,Personal insult without a clearly protected-group target.
падлюка,insult,vile person,Wiktionary,General insult,-,Personal insult without a clearly protected-group target.
падлючий,insult,vile,Telegram,General insult,-,Personal insult without a clearly protected-group target.
паскуда,insult,vile person,Wiktionary,General insult,-,Personal insult without a clearly protected-group target.
пздц,masked,censored slang form,Telegram,Obfuscated offensive form,-,Masked spelling used to bypass moderation or soften visual form.
пидор,hate,homophobic slur,Wiktionary,Homophobia,Sexual vulgarity,Homophobic slur; also appears in mixed Ukrainian/Russian online writing.
пизда,profanity,vulgar female genital reference,Wiktionary,Sexual vulgarity,-,Offensive expression connected to sexual meaning or body references.
пиздец,profanity,russified variant,Telegram,Profanity / Vulgarity,-,General vulgar expression or obscene intensifier.
пиздець,profanity,extreme negative expression,Wiktionary,Profanity / Vulgarity,-,General vulgar expression or obscene intensifier.
підор,hate,variant,Telegram,Homophobia,Sexual vulgarity,Homophobic spelling variant.
пізда,profanity,variant spelling,Wiktionary,Sexual vulgarity,-,Offensive expression connected to sexual meaning or body references.
пітушара,hate,prison slang insult,Telegram,Homophobia,-,Prison slang with homophobic connotation.
пішов в сраку,profanity,insult phrase,Telegram,Scatological vulgarity,-,Offensive expression connected to excretion or dirt.
пішов к чорту,insult,go to hell,Wiktionary,Religious / devil-based insult,-,Aspect assigned according to common offensive usage.
пішов нахуй,profanity,go to hell (vulgar),Telegram,Profanity / Vulgarity,-,General vulgar expression or obscene intensifier.
повія,sexual,prostitute,Wiktionary,Misogyny / Sexism,Sexual degradation,Gendered sexual insult.
покидьок,insult,scum,Wiktionary,General insult,-,Personal insult without a clearly protected-group target.
порву,threat,threat,Telegram,Threat / Harm,-,"Expression of harm, violence, or death-related aggression."
приб'ю,threat,kill threat,Telegram,Threat / Harm,-,"Expression of harm, violence, or death-related aggression."
придуркуватий,insult,silly,Wiktionary,Ableism / Intelligence insult,-,"Insult based on stupidity, mental state, or perceived ability."
придурок,insult,fool,Wiktionary,Ableism / Intelligence insult,-,"Insult based on stupidity, mental state, or perceived ability."
псих,insult,crazy,Wiktionary,Ableism / Intelligence insult,-,"Insult based on stupidity, mental state, or perceived ability."
психічний,insult,mental insult,Telegram,Ableism / Intelligence insult,-,"Insult based on stupidity, mental state, or perceived ability."
психопат,insult,psycho,Wiktionary,Ableism / Intelligence insult,-,"Insult based on stupidity, mental state, or perceived ability."
пiд@р,masked,censored form,Telegram,Homophobia,Sexual vulgarity; Obfuscated spelling,Obfuscated homophobic slur.
пiдор,hate,mixed spelling,Telegram,Homophobia,Sexual vulgarity,Mixed Latin/Cyrillic masked variant.
рило,insult,rude face reference,Wiktionary,General insult,-,Personal insult without a clearly protected-group target.
розірву,threat,threat,Telegram,Threat / Harm,-,"Expression of harm, violence, or death-related aggression."
с*ка,masked,censored insult,Telegram,Obfuscated offensive form,-,Masked spelling used to bypass moderation or soften visual form.
сам здохни,threat,insult,Telegram,Threat / Harm,Death wish,"Expression of harm, violence, or death-related aggression."
сволота,insult,scum,Wiktionary,Dehumanization / Animalization,-,"Insult that compares a person to an animal, object, or parasite."
скот,insult,animal insult,Telegram,Dehumanization / Animalization,-,"Insult that compares a person to an animal, object, or parasite."
скотина,insult,animal insult,Wiktionary,Dehumanization / Animalization,-,"Insult that compares a person to an animal, object, or parasite."
слабак,insult,weak person,Wiktionary,General insult,-,Personal insult without a clearly protected-group target.
смердючий,insult,smelly,Wiktionary,General insult,-,Personal insult without a clearly protected-group target.
ср*ка,masked,censored,Telegram,Scatological vulgarity,Obfuscated spelling,Offensive expression connected to excretion or dirt.
срака,profanity,ass,Wiktionary,Scatological vulgarity,-,Offensive expression connected to excretion or dirt.
стерва,insult,bitch,Wiktionary,Misogyny / Sexism,-,Gendered insult usually aimed at women.
сука,insult,offensive insult,Wiktionary,Misogyny / Sexism,-,"Gendered insult, also used as general abuse."
сучка,insult,diminutive insult,Wiktionary,Misogyny / Sexism,-,Diminutive gendered insult.
сцикун,insult,coward,Telegram,General insult,-,Personal insult without a clearly protected-group target.
тварина,insult,animal insult,Wiktionary,Dehumanization / Animalization,-,"Insult that compares a person to an animal, object, or parasite."
тварюка,insult,animal insult,Wiktionary,Dehumanization / Animalization,-,"Insult that compares a person to an animal, object, or parasite."
терпіла,insult,victim insult,Telegram,Classism / Social status insult,-,"Insult based on social position, marginality, or lifestyle stigma."
трахати,sexual,vulgar sexual verb,Wiktionary,Sexual vulgarity,-,Offensive expression connected to sexual meaning or body references.
трахнутий,insult,messed up,Telegram,Sexual vulgarity,-,Offensive expression connected to sexual meaning or body references.
тупак,insult,slang,Telegram,Ableism / Intelligence insult,-,"Insult based on stupidity, mental state, or perceived ability."
тупезний,insult,very stupid,Telegram,Ableism / Intelligence insult,-,"Insult based on stupidity, mental state, or perceived ability."
тупий,insult,stupid,Wiktionary,Ableism / Intelligence insult,-,"Insult based on stupidity, mental state, or perceived ability."
тупість,insult,stupidity,Wiktionary,Ableism / Intelligence insult,-,"Insult based on stupidity, mental state, or perceived ability."
тупорилий,insult,very stupid,Telegram,Ableism / Intelligence insult,-,"Insult based on stupidity, mental state, or perceived ability."
ублюдок,insult,bastard,Wiktionary,General insult,-,Personal insult without a clearly protected-group target.
уєбок,insult,strong insult,Telegram,General insult,-,Personal insult without a clearly protected-group target.
урод,insult,ugly person,Wiktionary,General insult,-,Personal insult without a clearly protected-group target.
уродина,insult,variant,Wiktionary,General insult,-,Personal insult without a clearly protected-group target.
фігня,euphemism,softened variant,Wiktionary,Profanity / Vulgarity,-,General vulgar expression or obscene intensifier.
фраєр,insult,sucker,Wiktionary,Classism / Social status insult,-,"Insult based on social position, marginality, or lifestyle stigma."
харя,insult,vulgar face,Telegram,General insult,-,Personal insult without a clearly protected-group target.
хер,profanity,mild vulgar variant,Wiktionary,Sexual vulgarity,-,Offensive expression connected to sexual meaning or body references.
херня,profanity,nonsense,Telegram,Profanity / Vulgarity,-,General vulgar expression or obscene intensifier.
хрін,profanity,softened euphemism,Wiktionary,Profanity / Vulgarity,-,General vulgar expression or obscene intensifier.
ху*ня,masked,censored,Telegram,Sexual vulgarity,Obfuscated spelling,Offensive expression connected to sexual meaning or body references.
хуй,profanity,vulgar male genital reference,Wiktionary,Sexual vulgarity,-,Offensive expression connected to sexual meaning or body references.
хуйня,profanity,nonsense,Wiktionary,Sexual vulgarity,-,Offensive expression connected to sexual meaning or body references.
чмо,insult,scum,Telegram,General insult,-,Personal insult without a clearly protected-group target.
чмошник,insult,derived insult,Telegram,General insult,-,Personal insult without a clearly protected-group target.
чорт,insult,devil insult,Wiktionary,Religious / devil-based insult,-,Aspect assigned according to common offensive usage.
шалава,insult,offensive term,Wiktionary,Misogyny / Sexism,Sexual degradation,Gendered sexual insult.
шизік,insult,slang,Telegram,Ableism / Intelligence insult,-,Ableist mental-health insult.
шизофренік,insult,insult,Wiktionary,Ableism / Intelligence insult,-,Ableist mental-health insult.
шлюха,sexual,prostitute insult,Wiktionary,Misogyny / Sexism,Sexual degradation,Gendered sexual insult.
шмаркач,insult,brat,Wiktionary,General insult,-,Personal insult without a clearly protected-group target.
щоб ти здох,threat,death wish,Telegram,Threat / Harm,Death wish,Death wish rather than a direct threat.
